id,age,gender,height,weight,ap_hi,ap_lo,cholesterol,gluc,smoke,alco,active,cardio
0.6807468074680747,0.32488601420846147,0.0,0.5813953488372093,0.5223880597014925,0.75,0.375,0.0,0.0,0.0,0.0,1.0,1
